"MSAMD","female","male","NA","FemalePercent"
Ann Arbor,4287,9559,2864,0.309620106890077
Metro DC,77449,152364,69938,0.337008785403785
